歌手,链接
G.E.M.邓紫棋,https://music.163.com/artist?id=7763
孙燕姿,https://music.163.com/artist?id=9272
单依纯,https://music.163.com/artist?id=29802127
蔡健雅,https://music.163.com/artist?id=7214
郭静,https://music.163.com/artist?id=7760
张碧晨,https://music.163.com/artist?id=1024308
王菲,https://music.163.com/artist?id=9621
徐佳莹,https://music.163.com/artist?id=9940
姚晓棠,https://music.163.com/artist?id=33709222
梁静茹,https://music.163.com/artist?id=8325
黄丽玲,https://music.163.com/artist?id=7063
蔡依林,https://music.163.com/artist?id=7219
王贰浪,https://music.163.com/artist?id=14312549
杨丞琳,https://music.163.com/artist?id=10199
张韶涵,https://music.163.com/artist?id=10562
莫文蔚,https://music.163.com/artist?id=8926
容祖儿,https://music.163.com/artist?id=9269
萧亚轩,https://music.163.com/artist?id=9945
陈粒,https://music.163.com/artist?id=1007170
王唯旖,https://music.163.com/artist?id=12232132
菲菲公主（陆绮菲）,https://music.163.com/artist?id=37044972
陈壹千,https://music.163.com/artist?id=12077204
张靓颖,https://music.163.com/artist?id=10561
林忆莲,https://music.163.com/artist?id=8336
梨冻紧,https://music.163.com/artist?id=33259235
王心凌,https://music.163.com/artist?id=9606
陈绮贞,https://music.163.com/artist?id=7217
王宇宙Leto,https://music.163.com/artist?id=49144727
刘大拿,https://music.163.com/artist?id=29588305
万妮达Vinida Weng,https://music.163.com/artist?id=12001060
任素汐,https://music.163.com/artist?id=1054159
任然,https://music.163.com/artist?id=9255
谭维维,https://music.163.com/artist?id=9489
银临,https://music.163.com/artist?id=188565
黄诗扶,https://music.163.com/artist?id=12308369
阿YueYue,https://music.163.com/artist?id=12227865
何曼婷,https://music.163.com/artist?id=8022
张叶蕾,https://music.163.com/artist?id=12213291
袁娅维TIA RAY,https://music.163.com/artist?id=10473
无面小生,https://music.163.com/artist?id=31347027
刘若英,https://music.163.com/artist?id=8326
yihuik苡慧,https://music.163.com/artist?id=36032190
王睿卓,https://music.163.com/artist?id=52113028
买辣椒也用券,https://music.163.com/artist?id=12085562
张惠妹,https://music.163.com/artist?id=10559
邹沛沛,https://music.163.com/artist?id=48345452
梁咏琪,https://music.163.com/artist?id=8329
黄龄,https://music.163.com/artist?id=7890
杨千嬅,https://music.163.com/artist?id=10204
AGA,https://music.163.com/artist?id=768208
郭采洁,https://music.163.com/artist?id=7762
张芸京,https://music.163.com/artist?id=10572
白鹿,https://music.163.com/artist?id=12603258
程响,https://music.163.com/artist?id=7424
卫兰,https://music.163.com/artist?id=9605
郁可唯,https://music.163.com/artist?id=10200
陈慧娴,https://music.163.com/artist?id=7225
孙盛希,https://music.163.com/artist?id=954154
庄东茹（豆芽鱼）,https://music.163.com/artist?id=12937171
周星星,https://music.163.com/artist?id=12157330
刘惜君,https://music.163.com/artist?id=8334
Aki阿杰,https://music.163.com/artist?id=188558
吉克隽逸,https://music.163.com/artist?id=166018
于冬然,https://music.163.com/artist?id=12441086
范玮琪,https://music.163.com/artist?id=7652
金玟岐,https://music.163.com/artist?id=893259
韩红,https://music.163.com/artist?id=7891
傲七爷（江偌绮）,https://music.163.com/artist?id=13145036
花粥,https://music.163.com/artist?id=8103
苏星婕,https://music.163.com/artist?id=46966451
弦子,https://music.163.com/artist?id=9939
蓝心羽,https://music.163.com/artist?id=30207301
金海心,https://music.163.com/artist?id=8151
尹昔眠,https://music.163.com/artist?id=12316248
薛凯琪,https://music.163.com/artist?id=9944
江语晨,https://music.163.com/artist?id=8153
鞠婧祎,https://music.163.com/artist?id=1032298
阿肆,https://music.163.com/artist?id=7122
KONI可妮,https://music.163.com/artist?id=94823802
小凌,https://music.163.com/artist?id=29393616
曾沛慈,https://music.163.com/artist?id=10763
司南,https://music.163.com/artist?id=28863695
邓丽君,https://music.163.com/artist?id=7570
林依晨,https://music.163.com/artist?id=8335
谢安琪,https://music.163.com/artist?id=9952
喻言,https://music.163.com/artist?id=1191044
阿梨粤,https://music.163.com/artist?id=33230219
唐伯虎Annie,https://music.163.com/artist?id=1193004
VaVa娃娃,https://music.163.com/artist?id=1038099
吴雨霏,https://music.163.com/artist?id=9615
封茗囧菌,https://music.163.com/artist?id=12172529
小霞,https://music.163.com/artist?id=1192268
高睿,https://music.163.com/artist?id=33850806
NINEONE#乃万,https://music.163.com/artist?id=12276375
洛天依Official,https://music.163.com/artist?id=906118
很美味,https://music.163.com/artist?id=12358435
双笙（陈元汐）,https://music.163.com/artist?id=12025552
杨乃文,https://music.163.com/artist?id=10198
丁当,https://music.163.com/artist?id=7534
希林娜依高,https://music.163.com/artist?id=12664439
